{
	"class_name" : "PinholeCameraParameters",
	"extrinsic" : 
	[
		-0.98745049805287577,
		0.15435122386196956,
		-0.033424745136500421,
		0.0,
		0.0097015751523949409,
		-0.15195964252108429,
		-0.98833908477021526,
		0.0,
		-0.15763055964720257,
		-0.97626019417836385,
		0.14855517469322055,
		0.0,
		45188988.764880344,
		65563493.320919946,
		477313234.28234404,
		1.0
	],
	"intrinsic" : 
	{
		"height" : 1055,
		"intrinsic_matrix" : 
		[
			913.65680099258282,
			0.0,
			0.0,
			0.0,
			913.65680099258282,
			0.0,
			959.5,
			527.0,
			1.0
		],
		"width" : 1920
	},
	"version_major" : 1,
	"version_minor" : 0
}